City_ID,City,Lat,Lng,Max Temp,Humidity,Cloudiness,Wind Speed,Country,Date
0,badger,64.8,-147.5333,12.78,10.93,40,2.06,Badger,1683747982
1,bethel,41.3712,-73.414,23.34,18.2,0,3.09,Bethel,1683747983
2,bilibino,68.0546,166.4372,-0.74,-0.74,100,2.02,Bilibino,1683747983
3,remire-montjoly,4.9167,-52.2667,27.02,27.02,75,1.03,Rémire-Montjoly,1683747984
4,papatowai,-46.5619,169.4708,6.46,6.46,100,7.51,Papatowai,1683747984
5,grytviken,-54.2811,-36.5092,-0.45,-0.45,100,5.35,Grytviken,1683747985
6,waitangi,-43.9535,-176.5597,10.46,10.46,41,5.36,Waitangi,1683747986
7,weiser,44.251,-116.9693,19.38,17.7,93,0.45,Weiser,1683747986
8,kununurra,-15.7667,128.7333,17.99,17.99,15,2.57,Kununurra,1683747987
9,margaret river,-33.95,115.0667,14.61,14.61,69,5.25,Margaret River,1683747987
10,ushuaia,-54.8,-68.3,7.81,6.79,75,5.14,Ushuaia,1683747988
11,sergeyevka,53.88,67.4158,7.17,7.17,77,6.0,Sergeevka,1683747988
12,bredasdorp,-34.5322,20.0403,14.47,14.47,80,2.81,Bredasdorp,1683747989
13,taunsa,30.7048,70.6505,31.17,31.17,100,1.18,Taunsa,1683747989
14,port-aux-francais,-49.35,70.2167,6.67,6.67,76,10.43,Port-aux-Français,1683747990
15,richmond,37.5538,-77.4603,25.59,21.54,75,1.54,Richmond,1683747288
16,atafu village,-8.5421,-172.5159,29.33,29.33,10,7.41,Atafu Village,1683747991
17,yellowknife,62.456,-114.3525,16.29,15.87,40,1.54,Yellowknife,1683747992
18,edinburgh of the seven seas,-37.0676,-12.3116,13.42,13.42,100,8.75,Edinburgh of the Seven Seas,1683747992
19,kapuskasing,49.4169,-82.4331,22.05,22.0,0,5.66,Kapuskasing,1683747993
20,blackmans bay,-43.0167,147.3167,4.74,3.07,1,2.3,Blackmans Bay,1683747993
21,ribeira grande,38.5167,-28.7,18.22,18.22,20,8.23,Ribeira Grande,1683747994
22,puerto natales,-51.7236,-72.4875,1.25,1.25,75,2.06,Puerto Natales,1683747899
23,minas de marcona,-15.2119,-75.1103,20.42,20.42,1,6.24,Minas de Marcona,1683747995
24,stanley,54.868,-1.6985,12.16,11.54,20,2.57,Stanley,1683747845
25,phongsali,21.6833,102.1058,15.76,15.76,100,0.11,Phôngsali,1683747997
26,la palma,33.8464,-118.0467,22.39,16.11,75,5.14,La Palma,1683747997
27,georgetown,5.4112,100.3354,28.97,28.96,20,0.0,George Town,1683747983
28,ghadamis,30.1337,9.5007,23.38,23.38,0,3.04,Ghadames,1683747998
29,mingguang,32.7802,117.9638,15.51,15.51,100,2.22,Mingguang,1683747999
30,happy valley-goose bay,53.3168,-60.3315,6.17,6.17,75,6.69,Happy Valley-Goose Bay,1683747911
31,lauro de freitas,-12.8944,-38.3272,28.01,28.01,75,4.63,Lauro de Freitas,1683747370
32,jamestown,42.097,-79.2353,19.73,13.73,0,6.69,Jamestown,1683747406
33,san andres,12.5847,-81.7006,32.01,32.01,20,5.66,San Andrés,1683748001
34,constantia,44.1833,28.65,7.61,7.38,6,3.24,Constanța,1683747862
35,puerto ayora,-0.7393,-90.3518,29.98,27.53,58,3.13,Puerto Ayora,1683748002
36,port alfred,-33.5906,26.891,20.91,20.91,9,4.6,Port Alfred,1683748003
37,khandyga,62.6667,135.6,1.84,1.84,100,3.76,Khandyga,1683748003
38,tiksi,71.6872,128.8694,-15.02,-15.02,22,5.62,Tiksi,1683748004
39,coquimbo,-29.9533,-71.3436,13.85,13.85,75,5.66,Coquimbo,1683747824
40,adamstown,-25.066,-130.1015,21.92,21.92,100,9.96,Adamstown,1683747978
41,puerto deseado,-47.7503,-65.8938,10.02,10.02,100,13.32,Puerto Deseado,1683748006
42,iqaluit,63.7506,-68.5145,-0.15,-0.17,20,6.17,Iqaluit,1683748006
43,enewetak,11.3474,162.3373,27.45,27.45,70,7.02,Enewetak,1683748007
44,hasaki,35.7333,140.8333,14.22,12.38,100,6.76,Hasaki,1683748007
45,aligudarz,33.4006,49.6949,10.93,10.93,1,1.63,Aligoodarz,1683748008
46,karratha,-20.7377,116.8463,23.25,23.25,99,2.71,Karratha,1683748008
47,cadale,2.7603,46.3222,27.08,27.08,20,7.97,Cadale,1683748009
48,ugoofaaru,5.6667,73.0,28.91,28.91,100,3.93,Ugoofaaru,1683748009
49,wailua homesteads,22.0669,-159.378,25.44,23.4,0,6.17,Wailua Homesteads,1683748011
50,nagqu,31.5,92.0,-6.38,-6.38,100,3.89,Nagqu Prefecture,1683748011
51,codrington,-38.2667,141.9667,6.99,6.99,1,3.6,Codrington,1683748012
52,olonkinbyen,70.9221,-8.7187,0.76,0.76,100,5.3,Olonkinbyen,1683748012
53,college,64.8569,-147.8028,12.83,10.97,75,2.06,College,1683748013
54,qamdo,31.1667,97.2333,0.52,0.52,99,1.27,Chamdo,1683748013
55,al wajh,26.2455,36.4525,24.97,24.97,0,2.06,Wej,1683748014
56,qaisumah,28.3112,46.1273,29.98,29.98,0,4.12,Qaisumah,1683748014
57,saipan,15.1355,145.701,27.39,26.47,0,2.57,Saipan,1683748015
58,chaiyaphum,15.75,102.0,29.99,29.99,76,2.71,Chaiyaphum,1683748016
59,rezh,57.37,61.4043,6.04,6.04,55,2.26,Rezh,1683748017
60,maragogi,-9.0122,-35.2225,26.06,26.06,8,2.69,Maragogi,1683748017
61,embarcacion,-23.209,-64.096,25.68,25.12,100,1.85,Embarcación,1683748018
62,avarua,-21.2078,-159.775,26.03,26.03,75,6.69,Avarua,1683748019
63,kailua-kona,19.6406,-155.9956,27.38,24.22,40,5.14,Kailua-Kona,1683748019
64,ashburton,-37.8626,145.0794,10.33,5.36,3,1.65,Ashburton,1683748020
65,petropavlovsk-kamchatsky,53.0452,158.6483,1.33,0.99,75,3.0,Petropavlovsk-Kamchatskiy,1683747839
66,kavieng,-2.5744,150.7967,27.97,27.97,100,2.34,Kavieng,1683748021
67,invercargill,-46.4,168.35,5.23,5.23,69,4.74,Invercargill,1683748022
68,borovsk,55.2064,36.4861,6.29,6.29,98,2.04,Borovsk,1683748022
69,vorgashor,67.5833,63.95,-5.56,-5.56,100,1.84,Vorgashor,1683748023
70,novoanninskiy,50.5287,42.6747,10.27,9.2,99,5.14,Novoanninskiy,1683748024
71,belmonte,-15.8631,-38.8828,25.39,25.39,22,4.48,Belmonte,1683748025
72,chifeng,42.2683,118.9636,14.06,14.06,100,2.18,Chifeng,1683748025
73,mbanza kongo,-6.267,14.2401,22.23,22.23,0,1.3,Mbanza Kongo,1683748026
74,saskatoon,52.1168,-106.6345,19.99,19.99,75,1.03,Saskatoon,1683747763
75,akrehamn,59.2667,5.1833,11.14,10.0,75,2.06,Åkrehamn,1683748027
76,ilulissat,69.2167,-51.1,-0.99,-0.99,40,8.23,Ilulissat,1683748027
77,karlskrona,56.1616,15.5866,12.25,12.25,66,6.4,Karlskrona,1683748028
78,albany,42.6001,-73.9662,22.18,19.74,3,0.89,Albany,1683748029
79,grantsville,40.5999,-112.4644,20.41,16.99,40,5.14,Grantsville,1683748030
80,haiku-pauwela,20.9219,-156.3051,26.01,23.06,20,8.23,Haiku-Pauwela,1683748036
81,villaviciosa,43.4813,-5.4357,14.79,13.98,38,2.41,Villaviciosa,1683748036
82,afaahiti,-17.75,-149.2833,27.93,27.81,93,13.13,Afaahiti,1683748037
83,kargopol',61.5071,38.9456,8.52,8.52,66,1.57,Kargopol',1683748038
84,harar,9.3094,42.1258,16.86,16.86,99,0.58,Harar,1683748038
85,susuman,62.7833,148.1667,0.93,0.93,20,1.27,Susuman,1683748039
86,mount gambier,-37.8333,140.7667,7.06,7.06,0,2.78,Mount Gambier,1683748039
87,yorkton,51.2167,-102.4677,16.91,16.91,75,7.2,Yorkton,1683747927
88,yaren,-0.5472,166.916,28.62,28.62,100,4.6,Yaren,1683748040
89,east ballina,-28.8667,153.5833,13.9,13.22,57,4.05,East Ballina,1683748041
90,udachny,66.4167,112.4,-10.86,-10.86,12,2.86,Udachny,1683748041
91,namtsy,62.7161,129.6658,1.46,1.46,100,5.37,Namtsy,1683748042
92,oxelosund,58.6706,17.1015,10.21,10.21,0,3.6,Oxelösund,1683748043
93,alofi,-19.0595,-169.9187,24.94,24.94,19,2.57,Alofi,1683748043
94,marsa alam,25.0757,34.8918,24.85,24.85,0,1.13,Marsa Alam,1683747850
95,qaqortoq,60.7167,-46.0333,5.39,5.39,100,1.11,Qaqortoq,1683748045
96,hadibu,12.65,54.0333,28.99,28.99,47,1.81,Hadibu,1683748045
97,greymouth,-42.4667,171.2,6.78,6.78,63,3.04,Greymouth,1683748046
98,ubari,26.5921,12.7805,22.74,22.74,0,4.25,Ubari,1683748046
99,marsh harbour,26.5412,-77.0636,25.63,25.63,0,3.98,Marsh Harbour,1683748047
100,new norfolk,-42.7826,147.0587,5.4,3.72,8,1.14,New Norfolk,1683748047
101,sirte,31.2089,16.5887,18.45,18.45,3,6.97,Sirte,1683748048
102,palmas de monte alto,-14.2672,-43.1619,31.48,31.48,66,0.5,Palmas de Monte Alto,1683748049
103,broome,42.2506,-75.833,21.14,19.26,0,4.63,Broome,1683748049
104,elassona,39.8947,22.1886,10.63,10.63,100,1.19,Elassóna,1683748050
105,sosnovo-ozerskoye,52.5249,111.5418,7.52,7.52,95,2.68,Sosnovo-Ozerskoye,1683748050
106,anuradhapura,8.3565,80.4173,24.67,24.67,100,4.0,Anuradhapura,1683748051
107,nishinoomote,30.7333,131.0,19.62,19.62,100,2.27,Nishinoomote,1683748056
108,hithadhoo,-0.6,73.0833,27.98,27.98,100,6.5,Hithadhoo,1683748057
109,broken hill,-31.95,141.4333,8.98,8.98,0,3.27,Broken Hill,1683748057
110,praia da vitoria,38.7333,-27.0667,20.14,18.2,40,6.52,Praia da Vitória,1683748058
111,narasannapeta,18.4167,84.05,28.26,28.26,100,0.66,Narasannapeta,1683748059
112,mata-utu,-13.2816,-176.1745,28.5,28.5,2,5.9,Mata-Utu,1683748059
113,burao,9.5221,45.5336,25.07,25.07,83,7.08,Burao,1683748060
114,carbonear,47.7332,-53.2148,9.91,8.34,79,7.56,Carbonear,1683748060
115,puerto baquerizo moreno,-0.9,-89.6,28.55,28.55,75,5.14,Puerto Baquerizo Moreno,1683748061
116,aykhal,66.0,111.5,-18.21,-18.21,9,3.12,Aykhal,1683748062
117,arraial do cabo,-22.9661,-42.0278,21.92,20.98,100,3.09,Arraial do Cabo,1683748063
118,aswan,24.0934,32.907,28.61,28.61,0,2.06,Aswān,1683748063
119,ambatofinandrahana,-20.55,46.8,14.1,14.1,100,1.93,Ambatofinandrahana,1683748064
120,zarate,-34.0981,-59.0286,20.02,18.79,21,3.58,Zárate,1683748064
121,tan-tan,28.438,-11.1032,21.2,21.2,0,4.4,Tan-Tan,1683748065
122,kitwe,-12.7961,28.2477,15.0,15.0,100,1.49,Kitwe,1683748065
123,gonaives,19.45,-72.6833,31.31,31.31,97,4.05,Gonaïves,1683748066
124,port elizabeth,-33.918,25.5701,16.16,16.16,0,1.54,Port Elizabeth,1683748066
125,iskateley,67.6803,53.1512,-4.35,-4.35,88,1.05,Iskateley,1683748067
126,lihue,21.9789,-159.3672,25.77,24.3,0,6.17,Lihue,1683747893
127,cill airne,52.05,-9.5167,9.83,9.83,70,3.04,Killarney,1683748068
128,isafjordur,66.0755,-23.124,6.0,6.0,100,0.73,Isafjordur,1683747908
129,santa terezinha,-29.9002,-50.0904,19.65,19.65,68,4.79,Santa Terezinha,1683748069
130,nuku'alofa,-21.1333,-175.2,23.19,23.19,20,0.51,Nuku'alofa,1683748070
131,guangyuan,32.442,105.823,14.87,14.87,100,2.46,Guangyuan,1683747851
132,argo,37.6333,22.7333,16.55,15.44,99,2.38,Argos,1683748071
133,muroto-misakicho,33.2833,134.15,17.74,17.74,95,1.39,Muroto-misakicho,1683748072
134,uberaba,-19.7483,-47.9319,25.32,25.32,97,4.12,Uberaba,1683748072
135,hamilton,39.1834,-84.5333,25.69,22.44,0,4.12,Hamilton,1683748073
136,weno,7.4515,151.8468,26.97,26.97,75,0.0,Weno,1683748074
137,pokaran,26.9167,71.9167,33.23,33.23,0,2.56,Pokaran,1683748074
138,aasiaat,68.7098,-52.8699,-1.62,-1.62,62,3.47,Aasiaat,1683748075
139,kangar,6.4414,100.1986,26.98,26.98,95,2.09,Kangar,1683748075
140,nogliki,51.8333,143.1667,-0.12,-0.12,100,3.58,Nogliki,1683748076
141,west island,-12.1568,96.8225,25.99,25.99,75,3.6,West Island,1683748077
142,touros,-5.1989,-35.4608,27.03,27.03,37,5.67,Touros,1683748077
143,tazovsky,67.4667,78.7,-14.89,-14.89,66,5.35,Tazovsky,1683748078
144,flying fish cove,-10.4217,105.6791,26.82,26.82,100,6.17,Flying Fish Cove,1683748078
145,bethanie,-26.4833,17.15,21.11,21.11,26,1.7,Bethanie,1683748079
146,tionk essil,12.7856,-16.5217,32.03,26.98,8,4.74,Tionk Essil,1683748079
147,bowen,-20.0167,148.2333,18.92,18.92,84,4.82,Bowen,1683748080
148,longyearbyen,78.2186,15.6401,0.91,0.91,100,7.2,Longyearbyen,1683748081
149,rabaul,-4.1967,152.1721,26.7,26.7,62,1.59,Rabaul,1683748081
150,kirovskiy,45.0917,133.5136,4.78,4.78,49,1.84,Kirovskiy,1683748082
151,hun,29.1268,15.9477,19.45,19.45,0,7.25,Hūn,1683748082
152,chivhu,-19.0211,30.8922,12.01,12.01,10,3.09,Chivhu,1683748083
153,ust-nera,64.5667,143.2,0.68,0.68,99,2.64,Ust-Nera,1683748084
154,westport,41.1415,-73.3579,24.04,17.66,0,6.17,Westport,1683747907
155,frontera,26.9333,-101.45,34.62,34.62,0,1.34,Frontera,1683748085
156,puerto rosario,-24.45,-57.0833,22.98,22.98,3,2.11,Puerto Rosario,1683748085
157,keflavik,64.0049,-22.5624,8.95,8.24,75,3.09,Keflavik,1683748086
158,fort bragg,35.139,-79.006,26.78,23.95,0,4.12,Fort Bragg,1683748087
159,dudinka,69.4058,86.1778,-22.39,-22.39,13,2.93,Dudinka,1683748087
160,klyuchi,52.2667,79.1667,12.33,12.33,85,5.13,Klyuchi,1683748088
161,ust'-ilimsk,58.0006,102.6619,-1.49,-1.49,19,1.48,Ust'-Ilimsk,1683748089
162,tolanaro,-25.0319,46.9987,23.04,23.04,20,3.09,Tôlanaro,1683748089
163,estacion santa engracia,24.0159,-99.2015,36.75,36.75,5,3.3,Estacion Santa Engracia,1683748090
164,yuktae-dong,40.0247,128.1597,10.28,10.28,0,2.39,Yuktae-dong,1683748090
165,lompoc,34.6391,-120.4579,23.16,16.07,20,8.75,Lompoc,1683747828
166,box elder,41.5005,-112.8764,15.74,15.74,100,6.69,Box Elder,1683748091
167,zilair,52.2332,57.4392,2.84,2.84,100,3.36,Zilair,1683748092
168,pathein,16.7833,94.7333,27.9,27.9,100,1.82,Pathein,1683748093
169,al mayadin,35.0209,40.4535,27.64,27.64,10,4.15,Al Mayādīn,1683748093
170,haymana,39.4321,32.4973,9.39,9.39,91,2.64,Haymana,1683748094
171,mabaruma,8.2,-59.7833,29.41,29.41,94,3.3,Mabaruma,1683748099
172,freeport,40.6576,-73.5832,23.56,16.66,0,5.81,Freeport,1683747968
173,kill devil hills,36.0307,-75.676,23.0,17.77,0,5.14,Kill Devil Hills,1683748101
174,prince rupert,54.3161,-130.3201,13.05,9.83,0,2.57,Prince Rupert,1683748101
175,fedorovskiy,45.0972,40.9517,7.58,7.58,100,2.51,Fëdorovskiy,1683748102
176,geraldton,-28.7667,114.6,16.23,16.23,100,2.06,Geraldton,1683748051
177,altai,46.3722,96.2583,3.76,3.76,99,2.66,Altai,1683748103
178,marquette,46.5333,-87.6335,20.14,12.96,100,2.25,Marquette,1683748096
179,pangkalanbuun,-2.6833,111.6167,22.95,22.95,37,1.16,Pangkalanbuun,1683748104
180,kodiak,57.79,-152.4072,5.73,5.73,100,9.77,Saint Paul Harbor,1683748105
181,greenville,35.6127,-77.3663,25.01,23.41,0,3.09,Greenville,1683747682
182,datca,36.7378,27.6842,18.31,18.31,98,3.21,Datça,1683748106
183,caburan,5.9181,125.6411,26.7,26.7,100,0.57,Caburan,1683748107
184,northam,51.0333,-4.2167,11.88,10.7,99,6.63,Northam,1683748107
185,datong,40.0936,113.2914,14.01,14.01,98,1.66,Datong,1683748108
186,nantucket,41.2835,-70.0995,19.06,14.06,0,7.72,Nantucket,1683748108
187,bodo,67.28,14.405,12.19,10.81,0,5.66,Bodø,1683748109
188,quimili,-27.6333,-62.4167,25.53,25.53,0,2.02,Quimilí,1683748110
189,namibe,-15.1961,12.1522,23.21,23.21,24,4.28,Mossamedes,1683748110
190,la passe,45.5549,-0.8967,15.13,13.88,100,5.33,La Passe,1683748111
191,bhilai,21.2167,81.4333,32.35,32.35,10,3.22,Bhilai,1683748111
192,minot air force base,48.4209,-101.3391,24.99,24.1,0,2.06,Minot Air Force Base,1683748112
193,thompson,55.7435,-97.8558,16.09,16.09,75,3.6,Thompson,1683748112
194,mount pearl,47.5166,-52.7813,9.19,7.63,40,10.29,Mount Pearl,1683748113
195,nar'yan-mar,67.6713,53.087,-4.77,-4.77,80,0.99,Naryan-Mar,1683748114
196,rikaze,29.25,88.8833,4.01,4.01,30,2.0,Xigazê,1683748114
197,vilyuchinsk,52.9306,158.4028,2.15,1.81,80,1.49,Vilyuchinsk,1683748115
198,st. john's,47.5649,-52.7093,9.66,8.09,40,10.29,St. John's,1683747856
199,ngama,11.7833,17.1667,36.54,36.54,100,1.05,Ngama,1683748116
200,punta arenas,-53.15,-70.9167,6.06,5.62,75,3.6,Punta Arenas,1683748117
201,ilek,51.5271,53.3831,9.81,9.81,100,2.86,Ilek,1683748117
202,pakxan,18.3778,103.6601,24.59,24.59,93,1.35,Pakxan,1683748118
203,luderitz,-26.6481,15.1594,15.24,15.24,79,3.26,Lüderitz,1683748119
204,cartagena,10.3997,-75.5144,30.79,30.79,40,4.12,Cartagena,1683748036
205,yeniseysk,58.4497,92.1703,-0.29,-0.29,20,1.63,Yeniseysk,1683748120
206,mejit,10.2753,170.8646,27.57,27.57,24,8.64,Mejit,1683748120
207,kalemie,-5.9475,29.1947,22.48,22.48,100,0.74,Kalemie,1683748121
208,giyani,-23.3025,30.7187,21.41,21.41,79,1.3,Giyani,1683748121
209,yelizovo,53.1873,158.3805,2.08,1.73,75,3.13,Yelizovo,1683748122
210,uddevalla,58.3478,11.9424,14.2,11.21,4,1.9,Uddevalla,1683747899
211,guerrero negro,27.9769,-114.0611,19.09,19.09,13,10.11,Guerrero Negro,1683748123
212,spring creek,40.7266,-115.5859,16.89,14.83,96,0.96,Spring Creek,1683748124
213,bamboo flat,11.7,92.7167,27.93,27.93,100,8.45,Bamboo Flat,1683748124
214,sokcho,38.2083,128.5911,13.34,13.34,14,2.57,Sokcho,1683747966
215,sao mateus do sul,-25.8742,-50.3828,19.84,19.84,4,0.84,São Mateus do Sul,1683748125
216,nerchinsk,51.9833,116.5833,14.31,14.31,100,2.18,Nerchinsk,1683748126
217,la mira,18.035,-102.3266,31.54,31.54,0,4.97,La Mira,1683748126
218,ponta delgada,37.7333,-25.6667,18.4,18.4,40,6.69,Ponta Delgada,1683747965
219,gadzhiyevo,69.2551,33.3362,3.02,3.02,100,4.46,Gadzhiyevo,1683748128
220,tazacorte,28.629,-17.9293,22.3,21.54,20,7.72,Tazacorte,1683748128
221,kirishi,59.4471,32.0205,8.1,8.1,53,0.9,Kirishi,1683748128
222,kievka,50.2619,71.5514,17.25,17.25,76,5.18,Kīevka,1683748129
223,kuta,-8.7233,115.1723,27.97,27.78,20,7.2,Kuta,1683748130
224,gobabis,-22.45,18.9667,18.78,18.78,0,4.03,Gobabis,1683748130
225,boa vista,2.8197,-60.6733,23.99,23.99,100,4.63,Boa Vista,1683748131
226,uturoa,-16.7333,-151.4333,27.8,27.8,81,9.95,Uturoa,1683748131
227,guelmim,28.987,-10.0574,27.28,27.28,43,3.1,Guelmim,1683748132
228,fortuna,40.5982,-124.1573,14.96,11.19,100,4.12,Fortuna,1683747724
229,embi,48.8264,58.1442,13.51,13.51,100,5.01,Emba,1683748133
230,sao raimundo nonato,-9.0153,-42.6994,33.11,33.11,57,3.08,São Raimundo Nonato,1683748133
231,kampong thom,12.7111,104.8887,25.76,25.76,83,2.19,Kampong Thom,1683748134
232,sitka,57.0531,-135.33,10.94,10.94,40,4.12,Sitka,1683748135
233,siracusa,37.0881,15.2792,16.65,14.62,95,1.24,Syracuse,1683747976
234,asaita,11.5636,41.4394,34.5,34.5,92,1.37,Asaita,1683748136
235,dalandzadgad,43.5708,104.425,10.37,10.37,97,10.23,Dalandzadgad,1683748136
236,machico,32.7,-16.7667,21.35,21.18,20,9.26,Machico,1683748137
237,kota kinabalu,5.9749,116.0724,25.99,25.99,20,2.06,Kota Kinabalu,1683748137
238,mahina,-17.5065,-149.489,28.87,28.75,75,2.06,Mahina,1683748138
239,carnarvon,-24.8667,113.6333,19.68,19.68,0,8.72,Carnarvon,1683748139
240,lebu,-37.6167,-73.65,14.37,14.37,100,5.59,Lebu,1683747981
241,sam roi yot,12.2708,99.872,26.4,26.4,100,1.17,Sam Roi Yot,1683748140
242,akureyri,65.6835,-18.0878,5.96,5.96,100,4.63,Akureyri,1683748140
243,utrik,11.2278,169.8474,27.43,27.43,80,8.66,Utrik,1683748141
244,plymouth,41.8334,-70.8328,24.01,16.66,0,3.6,Plymouth,1683747913
245,tura,25.5198,90.2201,24.31,24.31,0,2.19,Tura,1683748142
246,rakops,-21.0167,24.3333,20.89,20.89,0,0.74,Rakops,1683748143
247,sunne,59.8376,13.143,16.18,11.23,11,3.58,Sunne,1683748143
248,chakia,26.4167,85.05,27.71,27.71,0,1.9,Chākia,1683748144
249,tozkhurmato,34.8905,44.6299,26.32,26.32,80,2.51,Tuz Khurmatu District,1683748144
250,awjilah,29.1081,21.2869,24.2,24.2,87,6.11,Awjilah,1683748145
251,carauari,-4.8828,-66.8958,27.34,27.34,98,0.82,Carauari,1683748145
252,solnechnyy,50.7214,136.6319,1.67,1.67,11,0.84,Solnechnyy,1683748146
253,san martin,-33.081,-68.4681,19.3,19.3,100,1.68,San Martín,1683748147
254,nizhniy ingash,56.2,96.53,0.27,0.27,0,1.89,Nizhniy Ingash,1683748147
255,iquitos,-3.7481,-73.2472,29.02,29.02,75,2.06,Iquitos,1683747880
256,fada,9.5667,8.3,26.58,26.58,98,1.77,Fada,1683748148
257,puerto boyaca,5.9758,-74.5885,32.18,32.18,100,0.78,Puerto Boyacá,1683748149
258,fort stockton,30.894,-102.8793,31.2,30.03,0,5.14,Fort Stockton,1683748150
259,saint-pierre,-21.3393,55.4781,22.82,21.21,0,3.09,Saint-Pierre,1683748150
260,zvezdnyy,57.7325,56.3147,4.33,4.33,86,2.0,Zvëzdnyy,1683748151
261,viedma,-40.8135,-62.9967,15.26,15.26,81,1.54,Viedma,1683748151
262,vila velha,-20.3297,-40.2925,26.97,26.08,20,2.06,Vila Velha,1683748076
263,marka,1.7159,44.7717,26.52,26.52,21,5.96,Merca,1683748153
264,kuhmo,64.1333,29.5167,4.04,4.04,100,2.89,Kuhmo,1683748154
265,ulsteinvik,62.3432,5.8487,12.73,9.07,100,1.79,Ulsteinvik,1683748154
266,jaisalmer,26.9147,70.9181,33.53,33.53,0,1.77,Jaisalmer,1683748155
267,palikir - national government center,6.9248,158.1611,23.41,23.41,20,1.54,Palikir,1683748156
268,manicore,-5.8092,-61.3003,27.97,27.97,20,1.54,Manicoré,1683748156
269,siem reap,13.5,104.0,26.86,26.86,100,0.66,Siem Reap,1683748157
270,freetown,8.484,-13.2299,27.84,27.84,75,4.63,Freetown,1683748157
271,twin falls,42.3505,-114.6445,14.19,12.94,20,2.57,Twin Falls,1683748158
272,mahanoro,-19.9,48.8,22.13,22.13,87,1.88,Mahanoro,1683748158
273,saint helier,49.188,-2.1049,13.03,11.43,20,7.2,Saint Helier,1683748159
274,port mathurin,-19.6833,63.4167,25.45,25.45,8,8.28,Port Mathurin,1683748160
275,tamiahua,21.2667,-97.45,31.32,31.32,6,5.38,Tamiahua,1683748161
276,rurrenabaque,-14.4413,-67.5278,25.94,25.83,75,2.06,Rurrenabaque,1683748161
277,selibaby,15.159,-12.1829,36.38,36.38,93,5.34,Sélibaby,1683748162
278,novo aripuana,-5.1206,-60.3797,27.98,27.98,100,0.31,Novo Aripuanã,1683748162
279,mil'kovo,55.6078,37.7956,12.27,8.56,95,0.79,Mil’kovo,1683748163
280,mhamid,29.82,-5.72,34.13,34.13,1,5.5,Mhamid,1683748164
281,kangding,30.0513,101.9603,5.29,5.29,96,2.27,Kangding,1683748164
282,cabimas,10.3883,-71.4399,31.24,31.24,100,3.81,Cabimas,1683748165
283,hermanus,-34.4187,19.2345,16.56,16.56,84,4.33,Hermanus,1683748092
284,lospalos,-8.5186,127.0025,21.52,21.52,99,2.82,Lospalos,1683748166
285,donetsk,48.0,37.8,6.35,6.35,58,2.64,Donetsk,1683748166
286,caleta de carquin,-11.0925,-77.6267,23.61,23.61,28,4.02,Caleta de Carquín,1683748167
287,alaghsas,17.0187,8.0168,32.14,32.14,5,5.77,Alaghsas,1683748168
288,howrah,22.5892,88.3103,30.0,30.0,40,3.6,Howrah,1683748168
289,talnakh,69.4865,88.3972,-22.45,-22.45,12,1.08,Talnakh,1683748169
290,kupang,-10.1667,123.5833,24.82,24.82,52,5.07,Kupang,1683748170
291,queenstown,-31.8976,26.8753,13.79,13.79,55,3.08,Queenstown,1683748170
292,gua musang,4.8823,101.9644,23.69,23.69,91,0.31,Gua Musang,1683748171
293,ataq,14.5377,46.8319,23.46,23.46,91,3.93,Ataq,1683748171
294,howard springs,-12.497,131.047,21.01,20.46,94,3.72,Howard Springs,1683748172
295,ratnagiri,16.9833,73.3,28.26,28.26,99,0.89,Ratnagiri,1683748173
296,dawei,14.0833,98.2,25.88,25.88,100,1.15,Dawei,1683748173
297,anadyr,64.75,177.4833,0.28,0.28,0,3.0,Anadyr,1683748174
298,dazhong,33.1997,120.4578,14.1,14.1,100,0.73,Dazhong,1683748174
299,puerto aysen,-45.4,-72.7,9.02,9.02,100,0.0,Puerto Aisén,1683748175
300,cuauhtemoc,28.4167,-106.8667,25.99,25.99,0,10.49,Cuauhtémoc,1683748176
301,arno,60.1167,18.6333,7.87,7.87,71,3.93,Arnö,1683748177
302,cidreira,-30.1811,-50.2056,19.12,19.12,92,4.04,Cidreira,1683748177
303,whitehorse,60.7161,-135.0538,13.94,12.95,75,6.17,Whitehorse,1683747711
304,prado,-17.3411,-39.2208,24.3,24.3,79,3.01,Prado,1683748178
305,regina,50.4501,-104.6178,20.02,18.88,20,4.12,Regina,1683747915
306,possneck,50.6936,11.5923,14.84,11.85,100,1.39,Pößneck,1683748180
307,arsikere,13.3139,76.2561,24.6,24.6,100,2.35,Arsikere,1683748181
308,san juan de miraflores,-12.1629,-76.9635,22.87,22.29,48,4.55,San Juan de Miraflores,1683748181
309,tsiombe,-25.3,45.4833,22.24,22.24,28,4.65,Tsiombe,1683748182
310,ankang,32.68,109.0172,12.57,12.57,100,0.69,Ankang,1683748183
311,salina cruz,16.1667,-95.2,32.36,32.36,0,6.7,Salina Cruz,1683748184
312,sola,-13.8833,167.55,27.77,27.77,54,9.05,Sola,1683748184
313,hawaiian paradise park,19.5933,-154.9731,25.41,22.73,100,2.57,Hawaiian Paradise Park,1683748185
314,belmar,40.1785,-74.0218,24.08,16.65,0,5.14,Belmar,1683748185
315,tabou,4.423,-7.3528,26.4,26.4,100,3.58,Tabou,1683748186
316,khash,28.2211,61.2158,26.42,26.42,96,1.67,Khāsh,1683748186
317,kingston,17.997,-76.7936,33.47,30.12,20,11.83,Kingston,1683748137
318,pinczow,50.5205,20.5265,11.03,11.03,12,6.16,Pińczów,1683748188
319,arkhangel'sk,64.5401,40.5433,7.26,7.26,94,2.94,Arkhangelsk,1683747973
320,isangel,-19.55,169.2667,23.06,23.06,75,0.0,Isangel,1683748189
321,kapa'a,22.0752,-159.319,26.18,24.71,0,6.17,Kapaa,1683747898
322,fisterra,42.9049,-9.2629,15.57,14.3,79,7.88,Finisterra,1683748190
323,nampula,-15.1165,39.2666,19.13,19.13,100,0.8,Nampula,1683748190
324,kolonia,50.9333,6.95,14.36,11.9,100,2.57,Cologne,1683747605
325,marataizes,-21.0433,-40.8244,24.02,24.02,63,2.9,Marataizes,1683748191
326,monki,53.405,22.7979,10.38,6.51,60,3.1,Mońki,1683748192
327,olyokminsk,60.3736,120.4264,0.62,0.62,100,1.77,Olyokminsk,1683748193
328,river falls,44.8614,-92.6238,26.49,23.06,75,4.63,River Falls,1683748193
329,temirgoyevskaya,45.1141,40.2803,6.28,6.28,77,2.53,Temirgoyevskaya,1683748194
330,okulovka,58.4008,33.2908,8.53,8.53,88,0.57,Okulovka,1683748195
331,santa ana,33.7456,-117.8678,21.66,16.57,75,4.63,Santa Ana,1683747886
332,kristiansund,63.1115,7.732,11.03,10.36,75,1.54,Kristiansund,1683748196
333,likiep,9.8251,169.3107,27.64,27.64,57,8.57,Likiep,1683748197
334,hermiston,45.8404,-119.2895,23.71,19.24,0,1.54,Hermiston,1683748197
335,mafra,-26.1114,-49.8053,19.06,19.06,34,0.47,Mafra,1683748198
336,numan,9.4667,12.0333,32.7,32.7,74,1.91,Numan,1683748199
337,taoudenni,22.6783,-3.9836,34.85,34.85,100,5.5,Taoudenni,1683748200
338,port lincoln,-34.7333,135.8667,13.61,13.61,0,6.06,Port Lincoln,1683748200
339,bogande,12.9714,-0.1436,37.04,37.04,100,3.44,Bogandé,1683748201
340,port moresby,-9.4431,147.1797,23.68,23.68,20,1.54,Port Moresby,1683748202
341,shakhun'ya,57.6758,46.6114,6.87,6.87,66,2.04,Shakhun'ya,1683748202
342,coxim,-18.5067,-54.76,29.41,29.41,98,1.23,Coxim,1683748203
343,salalah,17.0151,54.0924,29.05,29.05,40,2.57,Salalah,1683748176
344,monrovia,6.3005,-10.7969,27.87,27.87,88,3.27,Monrovia,1683747956
345,port macquarie,-31.4333,152.9167,9.38,9.38,11,2.96,Port Macquarie,1683747727
346,vardenis,40.1827,45.7311,8.24,8.24,60,1.79,Vardenis,1683748206
347,havre,49.5833,0.3333,11.87,11.22,75,4.63,Arrondissement du Havre,1683748206
348,grand falls-windsor,48.9332,-55.6649,7.5,7.5,100,3.13,Grand Falls-Windsor,1683748207
349,masina,-4.3836,15.3914,28.19,28.16,40,4.12,Masina,1683748207
350,pisco,-13.7,-76.2167,23.03,21.12,0,7.72,Pisco,1683748208
351,yuzhno-kurilsk,44.0306,145.8556,3.47,3.47,18,5.08,Yuzhno-Kurilsk,1683748209
352,illizi,26.4833,8.4667,26.89,26.89,0,2.26,Illizi,1683748209
353,puerto el triunfo,13.2833,-88.55,32.01,32.01,18,5.01,Puerto El Triunfo,1683748210
354,swakopmund,-22.6833,14.5333,13.88,13.47,3,0.45,Swakopmund,1683748210
355,greenland,43.0362,-70.8328,24.6,21.27,100,5.66,Greenland,1683748211
356,sassandra,4.95,-6.0833,26.35,26.35,100,3.03,Sassandra,1683748212
357,kasane,-17.8167,25.15,18.84,18.84,45,2.03,Kasane,1683748212
358,amasra,41.7463,32.3863,11.17,11.17,78,6.81,Amasra,1683748213
359,dese,11.1333,39.6333,14.6,14.6,75,0.35,Dessie,1683748213
360,laguna,38.421,-121.4238,20.66,17.86,0,6.69,Laguna,1683748214
361,krusevac,43.58,21.3339,14.2,14.2,99,3.31,Kruševac,1683748215
362,canavieiras,-15.675,-38.9472,25.36,25.36,11,3.73,Canavieiras,1683748215
363,colares,38.7992,-9.4469,17.09,14.88,20,16.54,Colares,1683748216
364,panaba,21.2833,-88.2667,38.82,38.82,26,5.69,Panabá,1683748216
365,beinamar,8.6698,15.3813,32.45,32.45,100,2.77,Beïnamar,1683748217
366,nova sintra,14.8667,-24.7167,20.2,20.2,1,8.23,Nova Sintra,1683748222
367,taulaga,-11.0553,-171.0883,28.73,28.73,52,8.0,Taulaga,1683748223
368,juegang,32.3174,121.1855,15.47,15.47,100,1.97,Juegang,1683748224
369,teofilo otoni,-17.8575,-41.5053,23.8,23.8,100,0.93,Teófilo Otoni,1683748224
370,jayapura,-2.5333,140.7,24.66,24.66,100,2.63,Jayapura,1683748225
371,ta`u,-14.2336,-169.5144,28.24,28.24,81,6.15,Ta`ū,1683748226
372,newman,37.3138,-121.0208,21.8,18.34,0,0.89,Newman,1683748226
373,dong ha,16.8163,107.1003,26.03,26.03,100,0.65,Dong Ha,1683748227
374,barcelos,41.5388,-8.6151,15.94,15.08,83,5.14,Barcelos,1683748227
375,bardsir,29.9227,56.5743,17.72,17.72,64,0.21,Bardsīr,1683748228
376,punta cana,18.5818,-68.4043,29.87,29.87,40,4.63,Punta Cana,1683748202
377,puerto ayacucho,5.6639,-67.6236,27.11,27.11,99,1.71,Puerto Ayacucho,1683748229
378,vorkuta,67.5,64.0,-5.17,-5.17,100,2.0,Vorkuta,1683748032
379,kiunga,-6.1219,141.2906,23.64,23.64,100,1.2,Kiunga,1683748230
380,richards bay,-28.783,32.0377,20.18,20.18,60,1.48,Richards Bay,1683748231
381,knittelfeld,47.2167,14.8167,12.11,12.11,75,1.54,Knittelfeld,1683748232
382,delta,5.5,6.0,26.08,26.08,100,1.89,Delta,1683747970
383,colonia,50.9333,6.95,14.36,11.9,100,2.57,Cologne,1683748165
384,agat village,13.3886,144.6585,27.52,25.98,0,2.06,Agat Village,1683748233
385,tabora,-5.0167,32.8,20.88,20.88,75,0.0,Tabora,1683748234
386,san antonio de pale,-1.4014,5.6325,27.68,27.68,100,4.41,San Antonio de Palé,1683748235
387,shiyan,32.6475,110.7781,12.58,12.58,94,1.78,Shiyan,1683748235
388,dunga bunga,29.7493,73.2432,31.35,31.35,100,2.49,Dunga Bunga,1683748236
389,portland,45.5234,-122.6762,22.99,18.32,0,2.24,Portland,1683748030
390,san felice circeo,41.2372,13.0942,16.76,14.07,98,3.11,San Felice Circeo,1683748237
391,qiryat shemona,33.2073,35.5721,22.05,22.05,99,1.63,Kiryat Shmona,1683748237
392,sierakow,52.6513,16.0805,12.31,12.31,46,4.08,Sieraków,1683748238
393,zhezqazghan,47.7833,67.7667,20.76,20.76,100,3.56,Dzhezkazgan,1683748238
394,kone,-21.0595,164.8658,20.33,20.33,99,2.49,Koné,1683748239
395,sirohi,24.8833,72.8667,29.94,29.94,0,2.2,Sirohi,1683748240
396,berdigestyakh,62.0989,126.6992,-0.2,-0.2,100,3.07,Berdigestyakh,1683748240
397,yarmouth,41.7057,-70.2286,22.3,15.54,0,8.75,Yarmouth,1683748241
398,kuqa,41.7278,82.9364,17.01,17.01,89,1.19,Kucha,1683748241
399,siocon,7.7061,122.1353,26.54,26.54,100,1.7,Siocon,1683748242
400,kyabe,9.4515,18.9449,32.19,32.19,100,1.54,Kyabé,1683748242
401,kaa-khem,51.6833,94.7333,6.0,6.0,5,3.25,Kaa-Khem,1683748243
402,chibougamau,49.9168,-74.3659,17.79,17.79,0,7.72,Chibougamau,1683748244
403,kalmunai,7.4167,81.8167,26.23,26.23,100,4.0,Kalmunai,1683748244
404,seybaplaya,19.65,-90.6667,33.84,33.84,0,4.16,Seybaplaya,1683748245
405,massawa,15.6097,39.45,29.1,29.1,100,1.22,Massawa,1683748245
406,shahrud,36.4182,54.9763,16.7,16.7,56,2.42,Shahrud,1683748246
407,brookings,44.3114,-96.7984,22.92,22.0,20,5.66,Brookings,1683747959
408,susanville,40.4163,-120.653,17.68,15.45,0,2.24,Susanville,1683748247
409,papao,-17.75,-149.55,28.82,28.7,76,14.31,Papao,1683748248
410,labytnangi,66.6572,66.4183,-8.06,-8.06,100,1.81,Labytnangi,1683748248
411,tidjikja,18.5564,-11.4271,35.1,35.1,100,0.55,Tidjikja,1683748249
412,bengkulu,-3.8004,102.2655,24.38,24.38,43,1.78,Bengkulu,1683748250
413,yulinshi,38.2906,109.7494,12.43,12.43,100,2.33,Yulinshi,1683748250
414,nueve de julio,-35.4444,-60.8831,18.31,18.31,43,3.13,Nueve de Julio,1683748251
415,hovd,48.0056,91.6419,10.02,10.02,11,4.09,Khovd,1683748251
416,novoishimskiy,53.1981,66.7694,7.26,7.26,10,6.04,Novoishimskiy,1683748252
417,puerto carreno,6.189,-67.4859,28.99,28.99,75,2.06,Puerto Carreño,1683748253
418,dunedin,-45.8742,170.5036,4.89,4.89,100,4.02,Dunedin,1683748253
419,visby,57.6409,18.296,9.47,6.13,0,4.12,Visby,1683748254
420,namsos,64.4662,11.4957,12.03,11.95,20,2.57,Namsos,1683748254
421,glace bay,46.1969,-59.957,10.25,6.99,20,10.29,Glace Bay,1683748255
422,miyaly,48.8844,53.7836,12.98,12.98,8,4.02,Miyaly,1683748256
423,sao paulo de olivenca,-3.3783,-68.8725,26.52,26.52,86,0.48,São Paulo de Olivença,1683748256
424,zabaykal'sk,49.6333,117.3167,13.06,13.06,100,3.47,Zabaykal'sk,1683748257
425,santa marta de ortigueira,43.6833,-7.85,14.58,14.58,22,0.45,Santa Marta de Ortigueira,1683748258
426,curvelo,-18.7564,-44.4308,27.22,27.22,93,1.96,Curvelo,1683748076
427,tarapur,19.85,72.7,28.95,28.95,27,0.71,Tārāpur,1683748259
428,nemuro,43.3236,145.575,4.31,4.31,7,4.59,Nemuro,1683748260
429,sogndal,61.2283,7.1003,9.21,9.21,75,2.06,Sogndal,1683748260
430,cabo san lucas,22.8909,-109.9124,30.9,27.25,0,4.12,Cabo San Lucas,1683748261
431,huntsville,34.7304,-86.5861,30.51,27.31,0,2.57,Huntsville,1683748169
432,verkhnevilyuysk,63.4453,120.3167,-2.53,-2.53,37,1.56,Verkhnevilyuysk,1683748264
433,lorengau,-2.0226,147.2712,27.04,27.04,100,1.44,Lorengau,1683748264
434,metlili chaamba,32.2667,3.6333,30.52,30.52,20,2.06,Metlili Chaamba,1683748265
435,sao jose da coroa grande,-8.8978,-35.1478,26.32,26.32,18,2.77,São José da Coroa Grande,1683748266
436,cambria,35.5641,-121.0808,20.31,15.03,0,3.58,Cambria,1683748266
437,tralee,52.2704,-9.7026,10.37,10.37,87,5.37,Tralee,1683748083
438,puerto penasco,31.3167,-113.5333,22.73,22.73,0,3.58,Puerto Peñasco,1683747678
439,sinabang,2.4803,96.3801,27.15,27.15,99,3.29,Sinabang,1683748269
440,cabedelo,-6.9811,-34.8339,29.37,29.37,11,3.91,Cabedelo,1683748269
441,thinadhoo,0.5333,72.9333,28.05,28.05,99,5.63,Thinadhoo,1683748270
442,zemio,5.0314,25.1361,21.58,21.58,98,1.08,Zemio,1683748270
443,kodinsk,58.6881,99.1844,-1.65,-1.65,27,0.73,Kodinsk,1683748271
444,trail,49.0998,-117.7022,19.82,19.82,42,1.64,Trail,1683748064
445,oak hill,37.9723,-81.1487,26.53,23.02,2,0.45,Oak Hill,1683748053
446,kayangel,8.0823,134.7173,28.62,28.62,98,1.4,Kayangel,1683748274
447,peterhead,57.5058,-1.7981,11.36,11.22,56,5.34,Peterhead,1683748274
448,tamanrasset,22.785,5.5228,27.95,27.95,16,4.12,Tamanghasset,1683748275
449,vila franca do campo,37.7167,-25.4333,18.23,18.23,75,3.2,Vila Franca do Campo,1683748276
450,cockburn town,21.4612,-71.1419,27.01,27.01,0,4.34,Cockburn Town,1683748276
451,city of balikpapan,-1.242,116.8942,25.97,25.97,20,1.54,City of Balikpapan,1683748277
452,san luis de la loma,17.2706,-100.8939,32.16,32.16,8,6.02,San Luis de la Loma,1683748278
453,freiburg,46.8024,7.1513,10.15,8.36,40,2.06,Fribourg,1683748279
454,midvagur,62.0511,-7.1939,9.46,9.46,100,2.57,Miðvágur,1683748279
455,rio grande,-32.035,-52.0986,22.06,22.06,0,4.63,Rio Grande,1683748280
456,altay,47.8667,88.1167,11.93,11.93,93,3.11,Altay,1683748281
457,bacabal,-4.2917,-44.7917,29.82,29.82,9,0.99,Bacabal,1683748281
458,bubaque,11.2833,-15.8333,27.27,27.27,30,6.53,Bubaque,1683748282
459,north bend,43.4065,-124.2243,18.47,12.26,75,4.63,North Bend,1683748282
460,tame,6.461,-71.73,27.69,27.69,78,2.12,Tame,1683748283
461,kangdong-up,39.1425,126.0961,9.12,9.12,0,2.02,Kangdong-ŭp,1683748284
462,olovyannaya,50.95,115.5667,13.31,13.31,100,1.72,Olovyannaya,1683748284
463,abra pampa,-22.7205,-65.697,15.16,15.16,100,2.23,Abra Pampa,1683748285
464,kasempa,-13.4584,25.8338,15.8,15.8,1,1.98,Kasempa,1683748285
465,altamira,-3.2033,-52.2064,33.05,33.05,20,2.06,Altamira,1683748123
466,klaksvik,62.2266,-6.589,9.51,9.51,93,2.5,Klaksvík,1683748286
467,bikenibeu village,1.3673,173.1241,27.98,27.98,40,6.17,Bikenibeu Village,1683748287
468,noosa heads,-26.3833,153.15,16.17,16.17,22,5.99,Noosa,1683748288
469,korla,41.7597,86.1469,16.91,16.91,4,0.41,Korla,1683748230
470,phan rang-thap cham,11.5667,108.9833,25.58,25.58,78,0.86,Phan Rang-Thap Cham,1683748289
471,heroica matamoros,25.8833,-97.5,32.23,30.5,0,6.69,Heroica Matamoros,1683748269
472,rio gallegos,-51.6226,-69.2181,7.03,7.03,75,8.75,Río Gallegos,1683748290
473,ballina,-28.8667,153.5667,13.9,13.21,62,3.78,Ballina,1683748291
474,smithers,54.7804,-127.1743,15.18,15.18,75,1.54,Smithers,1683747763
475,labrador city,52.9463,-66.9114,7.95,7.95,0,6.17,Labrador City,1683748292
476,ciudad lazaro cardenas,17.9583,-102.2,30.7,30.7,0,4.95,Lázaro Cárdenas,1683748124
477,sittwe,20.15,92.9,27.87,27.87,100,0.62,Sittwe,1683748293
478,walvis bay,-22.9575,14.5053,13.94,13.53,0,0.51,Walvis Bay,1683748294
479,nadi,-17.8,177.4167,21.0,21.0,20,2.57,Nadi,1683748295
480,boguchany,58.3814,97.4531,-0.9,-0.9,4,0.69,Boguchany,1683748295
481,zeya,53.75,127.2667,4.34,4.34,7,1.21,Zeya,1683748296
482,bilaspur,22.0833,82.15,30.05,30.05,0,3.53,Bilāspur,1683748297
483,suva,-18.1416,178.4415,20.71,20.71,20,2.57,Suva,1683748297
484,nikolayevsk-on-amure,53.1406,140.73,0.48,0.48,17,0.63,Nikolayevsk-on-Amur,1683748298
485,mossel bay,-34.1831,22.146,15.96,15.96,3,4.54,Mossel Bay,1683748299
486,katabu,-4.9333,122.5167,24.16,24.16,100,1.71,Katabu,1683748299
487,trinidad,-14.8333,-64.9,26.99,26.99,40,2.57,La Santisima Trinidad,1683748033
488,fale old settlement,-9.3852,-171.2468,29.24,29.24,6,7.26,Fale old settlement,1683748301
489,yambio,4.5721,28.3955,21.46,21.46,100,1.83,Yambio,1683748301
490,talcahuano,-36.7167,-73.1167,15.82,15.82,0,1.54,Talcahuano,1683748302
491,taltal,-25.4,-70.4833,19.9,19.9,24,2.58,Taltal,1683748303
492,oppdal,62.5943,9.6912,5.98,5.98,100,4.09,Oppdal,1683748303
493,kamyshlov,56.8428,62.7111,6.18,6.18,9,2.23,Kamyshlov,1683748304
494,masterton,-40.9597,175.6575,11.05,11.05,66,1.94,Masterton,1683748304
495,miandrivazo,-19.5167,45.4667,23.3,23.3,100,1.81,Miandrivazo,1683748305
496,tawau,4.2498,117.8871,26.07,26.07,100,1.2,Tawao,1683748306
497,hit,33.6416,42.8251,27.88,27.88,100,2.42,Hīt,1683748306
498,gilgit,35.9221,74.3087,13.56,13.56,0,2.6,Gilgit,1683748307
499,wakkanai,45.4094,141.6739,4.32,4.32,100,5.98,Wakkanai,1683748308
500,margate,51.3813,1.3862,13.72,12.72,100,2.24,Margate,1683748308
501,usogorsk,63.4106,48.6872,-0.11,-0.11,18,1.79,Usogorsk,1683748309
502,chhapar,27.8167,74.4,30.33,30.33,0,1.58,Chhāpar,1683748309
503,ulladulla,-35.35,150.4667,6.54,6.54,44,1.9,Ulladulla,1683748310
504,fuyu,45.1833,124.8167,9.64,9.64,0,1.89,Fuyu,1683748310
505,aral,40.5156,81.2636,18.65,18.65,0,4.24,Aral,1683748311
506,christchurch,-43.5333,172.6333,6.62,5.23,75,10.29,Christchurch,1683747934
507,al jawf,29.5,38.75,26.86,26.86,70,7.39,Al Jawf,1683748312
508,xiabaishi,26.8153,119.6792,16.34,16.34,99,0.62,Xiabaishi,1683748312
509,san francisco ixhuatan,16.3569,-94.4825,32.77,32.77,53,4.61,San Francisco Ixhuatan,1683748313
510,muravlenko,63.7898,74.523,-1.43,-1.43,100,6.49,Muravlenko,1683748314
511,ain oussera,35.4514,2.9058,20.29,20.29,30,5.34,Aïn Oussera,1683748314
512,mountain home,43.133,-115.6912,17.46,14.71,0,3.09,Mountain Home,1683748315
513,mega,4.05,38.3,14.67,14.67,100,2.25,Mēga,1683748315
514,ndjole,-0.1783,10.7649,25.02,25.02,100,0.7,Ndjolé,1683748316
515,levuka,50.1834,-105.4011,18.9,18.84,40,3.09,Levuka,1683748316
516,nuuk,64.1835,-51.7216,6.34,5.49,75,5.14,Nuuk,1683748317
517,lagos,6.5833,3.75,30.18,30.18,100,2.91,Lagos,1683747848
518,vernal,40.4555,-109.5287,20.92,19.84,0,2.06,Vernal,1683748318
519,as saff,29.5647,31.2811,24.33,24.33,83,6.13,Aş Şaff,1683748319
520,san julian,21.0167,-102.1667,29.05,29.05,9,8.19,San Julián,1683748319
521,harper,4.375,-7.7169,26.85,26.85,94,3.7,Harper,1683748320
522,isna,25.2934,32.554,29.01,29.01,0,1.81,Esna,1683748321
523,independence,39.0911,-94.4155,29.04,25.92,20,4.63,Independence,1683748158
524,sur,22.5667,59.5289,31.51,31.51,0,4.86,Sur,1683748322
525,bosansko grahovo,44.1794,16.3639,10.91,10.91,100,1.72,Bosansko Grahovo,1683748322
526,mariental,-24.6333,17.9667,22.79,22.79,92,4.52,Mariental,1683748323
527,nesebar,42.7833,27.7333,7.49,7.42,3,2.39,Nesebar,1683748323
528,juan griego,11.0817,-63.9655,32.07,32.07,17,9.26,Juan Griego,1683748324
529,aberdeen,57.1437,-2.0981,11.41,10.11,40,2.06,Aberdeen,1683748231
530,xichang,27.8964,102.2634,14.65,14.65,100,3.14,Xichang,1683748325
531,severo-yeniseyskiy,60.3725,93.0408,-4.12,-4.12,75,2.36,Severo-Yeniseyskiy,1683748326
532,port blair,11.6667,92.75,27.95,27.95,100,8.57,Port Blair,1683748185
533,santiago de cao,-7.9589,-79.2392,25.07,25.07,20,5.14,Santiago de Cao,1683748327
534,dazhou,31.2159,107.5009,14.93,14.93,100,1.24,Dazhou,1683748327
535,taghazout,30.5426,-9.7112,23.43,23.43,4,0.81,Taghazout,1683748328
536,concepcion de la sierra,-27.9831,-55.5203,21.45,21.27,0,1.5,Concepción de la Sierra,1683748329
537,berga,60.392,5.328,10.64,9.93,100,2.06,Bergen,1683748329
538,jose maria morelos,23.3952,-103.8984,26.83,26.83,4,6.45,Jose Maria Morelos,1683748330
539,tumaco,1.7986,-78.8156,28.72,28.72,100,3.77,Tumaco,1683748330
540,motygino,58.1831,94.7592,-1.04,-1.04,11,0.31,Motygino,1683748331
541,kurmuk,10.55,34.2833,29.09,29.09,99,1.65,Kurmuk,1683748332
542,springfield,37.2153,-93.2982,27.21,24.94,0,2.06,Springfield,1683748035
543,porto novo,6.4965,2.6036,29.9,29.9,97,4.33,Porto-Novo,1683748334
544,tokar,18.4254,37.729,26.68,26.68,93,1.85,Tokār,1683748334
545,pereira,4.8133,-75.6961,21.42,20.64,100,1.54,Pereira,1683747759
546,fortaleza,-3.7227,-38.5247,30.07,28.45,20,7.2,Fortaleza,1683748335
547,adams,39.8667,-104.3839,17.12,12.42,100,2.63,Adams,1683748149
548,merizo village,13.2658,144.6691,27.31,25.77,36,3.53,Merizo Village,1683748336
549,colwyn bay,53.2948,-3.7267,13.09,11.22,98,2.24,Colwyn Bay,1683748337
550,vernon,50.2581,-119.2691,20.89,17.34,15,1.54,Vernon,1683747562
551,jieshi,22.8134,115.8257,21.59,21.59,72,4.26,Jieshi,1683748339
552,bondo,3.8146,23.6866,21.28,21.28,100,1.07,Bondo,1683748339
553,mburucuya,-28.0454,-58.2245,21.52,21.52,0,3.8,Mburucuyá,1683748340
554,gizo,-8.103,156.8419,28.15,28.15,91,2.4,Gizo Government Station,1683748341
555,rome,34.257,-85.1647,30.83,27.02,0,0.89,Rome,1683748341
556,knyaze-volkonskoye,48.4642,135.4567,3.19,2.94,47,1.83,Knyaze-Volkonskoye,1683748342
557,maun,-19.9833,23.4167,22.98,22.98,0,2.57,Maun,1683748342
558,les avirons,-21.2418,55.3394,23.03,19.44,0,3.09,Les Avirons,1683748343
559,bima,-8.4667,118.7167,24.21,24.21,98,2.08,Bima,1683748344
560,nago,26.5881,127.9761,19.47,18.03,1,3.73,Nago,1683748344
561,igarka,67.4667,86.5833,-10.43,-10.43,100,6.4,Igarka,1683748345
562,nova vicosa,-17.8919,-39.3719,24.57,24.57,100,2.9,Nova Viçosa,1683748098
563,thunder bay,48.4001,-89.3168,12.99,11.95,75,5.14,Thunder Bay,1683748105
564,merritt island,28.5392,-80.672,33.05,27.81,0,4.63,Merritt Island,1683748346
565,severnoye,56.3491,78.3619,7.94,7.94,100,2.37,Severnoye,1683748347
566,kalymnos,36.95,26.9833,17.74,17.74,40,2.57,Kalymnos,1683748250
567,penzance,50.1186,-5.5371,12.38,12.09,98,8.49,Penzance,1683748348
568,maxixe,-23.8597,35.3472,20.9,20.47,20,0.0,Maxixe,1683748349
569,las heras,-46.5419,-68.9359,9.1,9.1,100,7.15,Las Heras,1683748238
570,geneina,13.45,22.45,30.39,30.39,95,1.62,Geneina,1683748350
571,kedougou,12.5579,-12.1743,37.32,37.32,40,4.12,Kédougou,1683748350
572,bandiagara,14.3501,-3.6104,35.38,35.38,100,4.39,Bandiagara,1683748351
573,ebon,4.582,168.6964,28.62,28.62,100,6.33,Ebon,1683748353
574,lazaro cardenas,17.9583,-102.2,30.7,30.7,0,4.95,Lázaro Cárdenas,1683748124
575,pacific grove,36.6177,-121.9166,17.79,12.6,100,3.09,Pacific Grove,1683748111
576,lodwar,3.1191,35.5973,29.46,29.46,87,5.39,Lodwar,1683748354
577,springs,-26.25,28.4,13.7,10.79,0,2.59,Springs,1683748355
578,moussoro,13.6408,16.4901,33.68,33.68,32,4.82,Moussoro,1683748355
579,tromso,69.6496,18.957,7.01,6.88,75,4.12,Tromsø,1683748356
580,saint-joseph,-21.3667,55.6167,22.21,20.61,67,5.7,Saint-Joseph,1683748357
581,lycksele,64.5954,18.6735,10.93,6.91,83,0.51,Lycksele,1683748357
582,waingapu,-9.6567,120.2641,24.88,24.88,50,4.28,Waingapu,1683748358
